,activity,Molecule.ChEMBL.ID,Molecule.Name,Molecule.Max.Phase,Molecular.Weight,X.RO5.Violations,AlogP,Compound.Key,Smiles,Standard.Type,Standard.Relation,Standard.Value,Standard.Units,pChEMBL.Value,Data.Validity.Comment,Comment,Uo.Units,Ligand.Efficiency.BEI,Ligand.Efficiency.LE,Ligand.Efficiency.LLE,Ligand.Efficiency.SEI,Potential.Duplicate,Assay.ChEMBL.ID,Assay.Description,Assay.Type,BAO.Format.ID,BAO.Label,Assay.Organism,Assay.Tissue.ChEMBL.ID,Assay.Tissue.Name,Assay.Cell.Type,Assay.Subcellular.Fraction,Target.ChEMBL.ID,Target.Name,Target.Organism,Target.Type,Document.ChEMBL.ID,Source.ID,Source.Description,Document.Journal,Document.Year,Cell.ChEMBL.ID
1,Non-Inhibitor,CHEMBL144347,,0,269.38,0,2.73,7c,CCCCCCCCCCCC(=O)[C@H]1O[C@H]1C(N)=O,Inhibition,'=',44,%,NA,,,UO_0000187,NA,,,,FALSE,CHEMBL873666,Inhibition of fatty acid synthase at a concentration of 150 (uM),B,BAO_0000357,single protein format,None,None,None,None,None,CHEMBL4158,Fatty acid synthase,Homo sapiens,SINGLE PROTEIN,CHEMBL1132487,1,Scientific Literature,J. Med. Chem.,1999,None
2,Non-Inhibitor,CHEMBL147589,,0,325.49,0,4.29,7e,CCCCCCCCCCCCCCCC(=O)[C@H]1O[C@H]1C(N)=O,Inhibition,'=',2,%,NA,,,UO_0000187,NA,,,,FALSE,CHEMBL873666,Inhibition of fatty acid synthase at a concentration of 150 (uM),B,BAO_0000357,single protein format,None,None,None,None,None,CHEMBL4158,Fatty acid synthase,Homo sapiens,SINGLE PROTEIN,CHEMBL1132487,1,Scientific Literature,J. Med. Chem.,1999,None
3,Non-Inhibitor,CHEMBL145145,,0,243.35,0,1.74,6b,CCCCCCCCCC(O)[C@H]1O[C@H]1C(N)=O,Inhibition,'=',5,%,NA,,,UO_0000187,NA,,,,FALSE,CHEMBL873666,Inhibition of fatty acid synthase at a concentration of 150 (uM),B,BAO_0000357,single protein format,None,None,None,None,None,CHEMBL4158,Fatty acid synthase,Homo sapiens,SINGLE PROTEIN,CHEMBL1132487,1,Scientific Literature,J. Med. Chem.,1999,None
4,Inhibitor,CHEMBL358509,,0,269.38,0,2.55,9b,CCCCCCCCCC(=O)[C@H]1O[C@H]1C(=O)N(C)C,Inhibition,'=',2,%,NA,,,UO_0000187,NA,,,,FALSE,CHEMBL873666,Inhibition of fatty acid synthase at a concentration of 150 (uM),B,BAO_0000357,single protein format,None,None,None,None,None,CHEMBL4158,Fatty acid synthase,Homo sapiens,SINGLE PROTEIN,CHEMBL1132487,1,Scientific Literature,J. Med. Chem.,1999,None
5,Non-Inhibitor,CHEMBL2087131,,0,464.38,1,3.51,23,O=C(Oc1cccc2c(OC(=O)c3cc(O)c(O)c(O)c3)cccc12)c1cc(O)c(O)c(O)c1,Inhibition,'=',30,%,NA,,,UO_0000187,NA,,,,FALSE,CHEMBL2090550,Inhibition of FASN in human SK-BR-3 cells assessed as oxidation of NADPH at 26 uM after 24 hrs by Spectrophotometric analysis relative to control,B,BAO_0000219,cell-based format,Homo sapiens,None,None,SK-BR-3,None,CHEMBL4158,Fatty acid synthase,Homo sapiens,SINGLE PROTEIN,CHEMBL2086320,1,Scientific Literature,J. Med. Chem.,2012,CHEMBL3308062
6,Non-Inhibitor,CHEMBL147268,,0,299.45,0,3.12,8c,CCCCCCCCCCCC(O)[C@H]1O[C@H]1C(=O)N(C)C,Inhibition,'=',9,%,NA,,,UO_0000187,NA,,,,FALSE,CHEMBL873666,Inhibition of fatty acid synthase at a concentration of 150 (uM),B,BAO_0000357,single protein format,None,None,None,None,None,CHEMBL4158,Fatty acid synthase,Homo sapiens,SINGLE PROTEIN,CHEMBL1132487,1,Scientific Literature,J. Med. Chem.,1999,None
7,Non-Inhibitor,CHEMBL423561,,0,310.48,1,5.16,5e,CCCCCCCCCCCCCCCC1OC(=O)[C@@H]2O[C@H]12,Inhibition,'=',0,%,NA,,,UO_0000187,NA,,,,FALSE,CHEMBL873666,Inhibition of fatty acid synthase at a concentration of 150 (uM),B,BAO_0000357,single protein format,None,None,None,None,None,CHEMBL4158,Fatty acid synthase,Homo sapiens,SINGLE PROTEIN,CHEMBL1132487,1,Scientific Literature,J. Med. Chem.,1999,None
8,Non-Inhibitor,CHEMBL341659,,0,241.33,0,1.95,7b,CCCCCCCCCC(=O)[C@H]1O[C@H]1C(N)=O,Inhibition,'=',92,%,NA,,,UO_0000187,NA,,,,FALSE,CHEMBL873666,Inhibition of fatty acid synthase at a concentration of 150 (uM),B,BAO_0000357,single protein format,None,None,None,None,None,CHEMBL4158,Fatty acid synthase,Homo sapiens,SINGLE PROTEIN,CHEMBL1132487,1,Scientific Literature,J. Med. Chem.,1999,None
9,Inhibitor,CHEMBL423389,,0,227.3,0,1.56,7a,CCCCCCCCC(=O)[C@H]1O[C@H]1C(N)=O,Inhibition,'=',74,%,NA,,,UO_0000187,NA,,,,FALSE,CHEMBL873666,Inhibition of fatty acid synthase at a concentration of 150 (uM),B,BAO_0000357,single protein format,None,None,None,None,None,CHEMBL4158,Fatty acid synthase,Homo sapiens,SINGLE PROTEIN,CHEMBL1132487,1,Scientific Literature,J. Med. Chem.,1999,None
10,Non-Inhibitor,CHEMBL357860,,0,381.6,1,5.67,9f,CCCCCCCCCCCCCCCCCC(=O)[C@H]1O[C@H]1C(=O)N(C)C,Inhibition,'=',0,%,NA,,,UO_0000187,NA,,,,FALSE,CHEMBL873666,Inhibition of fatty acid synthase at a concentration of 150 (uM),B,BAO_0000357,single protein format,None,None,None,None,None,CHEMBL4158,Fatty acid synthase,Homo sapiens,SINGLE PROTEIN,CHEMBL1132487,1,Scientific Literature,J. Med. Chem.,1999,None
11,Non-Inhibitor,CHEMBL148403,,0,299.45,0,3.3,6d,CCCCCCCCCCCCCC(O)[C@H]1O[C@H]1C(N)=O,Inhibition,'=',3,%,NA,,,UO_0000187,NA,,,,FALSE,CHEMBL873666,Inhibition of fatty acid synthase at a concentration of 150 (uM),B,BAO_0000357,single protein format,None,None,None,None,None,CHEMBL4158,Fatty acid synthase,Homo sapiens,SINGLE PROTEIN,CHEMBL1132487,1,Scientific Literature,J. Med. Chem.,1999,None
12,Non-Inhibitor,CHEMBL357000,,0,271.4,0,2.34,8b,CCCCCCCCCC(O)[C@H]1O[C@H]1C(=O)N(C)C,Inhibition,'=',0,%,NA,,,UO_0000187,NA,,,,FALSE,CHEMBL873666,Inhibition of fatty acid synthase at a concentration of 150 (uM),B,BAO_0000357,single protein format,None,None,None,None,None,CHEMBL4158,Fatty acid synthase,Homo sapiens,SINGLE PROTEIN,CHEMBL1132487,1,Scientific Literature,J. Med. Chem.,1999,None
13,Non-Inhibitor,CHEMBL147330,,0,327.51,0,3.9,8d,CCCCCCCCCCCCCC(O)[C@H]1O[C@H]1C(=O)N(C)C,Inhibition,'=',5,%,NA,,,UO_0000187,NA,,,,FALSE,CHEMBL873666,Inhibition of fatty acid synthase at a concentration of 150 (uM),B,BAO_0000357,single protein format,None,None,None,None,None,CHEMBL4158,Fatty acid synthase,Homo sapiens,SINGLE PROTEIN,CHEMBL1132487,1,Scientific Literature,J. Med. Chem.,1999,None
14,Non-Inhibitor,CHEMBL147966,,0,191.19,0,0.12,2,NC(=O)[C@H]1O[C@H]1C(=O)c1ccccc1,Inhibition,'=',85,%,NA,,,UO_0000187,NA,,,,FALSE,CHEMBL873666,Inhibition of fatty acid synthase at a concentration of 150 (uM),B,BAO_0000357,single protein format,None,None,None,None,None,CHEMBL4158,Fatty acid synthase,Homo sapiens,SINGLE PROTEIN,CHEMBL1132487,1,Scientific Literature,J. Med. Chem.,1999,None
15,Inhibitor,CHEMBL148338,,0,297.44,0,3.33,9c,CCCCCCCCCCCC(=O)[C@H]1O[C@H]1C(=O)N(C)C,Inhibition,'=',5,%,NA,,,UO_0000187,NA,,,,FALSE,CHEMBL873666,Inhibition of fatty acid synthase at a concentration of 150 (uM),B,BAO_0000357,single protein format,None,None,None,None,None,CHEMBL4158,Fatty acid synthase,Homo sapiens,SINGLE PROTEIN,CHEMBL1132487,1,Scientific Literature,J. Med. Chem.,1999,None
16,Non-Inhibitor,CHEMBL415734,,0,355.56,0,4.68,8e,CCCCCCCCCCCCCCCC(O)[C@H]1O[C@H]1C(=O)N(C)C,Inhibition,'=',0,%,NA,,,UO_0000187,NA,,,,FALSE,CHEMBL873666,Inhibition of fatty acid synthase at a concentration of 150 (uM),B,BAO_0000357,single protein format,None,None,None,None,None,CHEMBL4158,Fatty acid synthase,Homo sapiens,SINGLE PROTEIN,CHEMBL1132487,1,Scientific Literature,J. Med. Chem.,1999,None
17,Non-Inhibitor,CHEMBL2087128,,0,464.38,1,3.51,41,O=C(Oc1cc(OC(=O)c2cc(O)c(O)c(O)c2)c2ccccc2c1)c1cc(O)c(O)c(O)c1,Inhibition,'=',90,%,NA,,,UO_0000187,NA,,,,TRUE,CHEMBL2167404,Inhibition of FASN in human SKBR3 cells at 21 uM after 3 mins by spectrophotometric analysis relative to control,B,BAO_0000219,cell-based format,Homo sapiens,None,None,SK-BR-3,None,CHEMBL4158,Fatty acid synthase,Homo sapiens,SINGLE PROTEIN,CHEMBL2163275,1,Scientific Literature,J. Med. Chem.,2011,CHEMBL3308062
18,Non-Inhibitor,CHEMBL357698,,0,254.37,0,3.6,5c,CCCCCCCCCCCC1OC(=O)[C@@H]2O[C@H]12,Inhibition,'=',4,%,NA,,,UO_0000187,NA,,,,FALSE,CHEMBL873666,Inhibition of fatty acid synthase at a concentration of 150 (uM),B,BAO_0000357,single protein format,None,None,None,None,None,CHEMBL4158,Fatty acid synthase,Homo sapiens,SINGLE PROTEIN,CHEMBL1132487,1,Scientific Literature,J. Med. Chem.,1999,None
19,Non-Inhibitor,CHEMBL146835,,0,338.53,1,5.94,5f,CCCCCCCCCCCCCCCCCC1OC(=O)[C@@H]2O[C@H]12,Inhibition,'=',5,%,NA,,,UO_0000187,NA,,,,FALSE,CHEMBL873666,Inhibition of fatty acid synthase at a concentration of 150 (uM),B,BAO_0000357,single protein format,None,None,None,None,None,CHEMBL4158,Fatty acid synthase,Homo sapiens,SINGLE PROTEIN,CHEMBL1132487,1,Scientific Literature,J. Med. Chem.,1999,None
20,Inhibitor,CHEMBL45627,CERULENIN,0,223.27,0,1.11,cerulenin,C/C=C/C/C=C/CCC(=O)[C@H]1O[C@H]1C(N)=O,Inhibition,'=',96,%,NA,,,UO_0000187,NA,,,,FALSE,CHEMBL873666,Inhibition of fatty acid synthase at a concentration of 150 (uM),B,BAO_0000357,single protein format,None,None,None,None,None,CHEMBL4158,Fatty acid synthase,Homo sapiens,SINGLE PROTEIN,CHEMBL1132487,1,Scientific Literature,J. Med. Chem.,1999,None
21,Non-Inhibitor,CHEMBL4062216,,0,240.34,0,2.83,(-)-UB006,C=C1C(=O)O[C@@H](CCCCCCCC)[C@@H]1CO,Inhibition,'=',85,%,NA,,,UO_0000187,NA,,,,FALSE,CHEMBL4017574,Inhibition of fatty acid synthase in human OVCAR3 cells assessed as reduction in fatty acid synthesis at 2 ug/ml pretreated for 2 hrs followed by [U14C]-acetate addition measured after 2 hrs by scintillation counting method relative to control,B,BAO_0000219,cell-based format,Homo sapiens,None,None,None,None,CHEMBL4158,Fatty acid synthase,Homo sapiens,SINGLE PROTEIN,CHEMBL4017443,1,Scientific Literature,Eur J Med Chem,2017,None
22,Non-Inhibitor,CHEMBL343859,,0,271.4,0,2.52,6c,CCCCCCCCCCCC(O)[C@H]1O[C@H]1C(N)=O,Inhibition,'=',6,%,NA,,,UO_0000187,NA,,,,FALSE,CHEMBL873666,Inhibition of fatty acid synthase at a concentration of 150 (uM),B,BAO_0000357,single protein format,None,None,None,None,None,CHEMBL4158,Fatty acid synthase,Homo sapiens,SINGLE PROTEIN,CHEMBL1132487,1,Scientific Literature,J. Med. Chem.,1999,None
23,Inhibitor,CHEMBL358340,,0,255.36,0,2.16,9a,CCCCCCCCC(=O)[C@H]1O[C@H]1C(=O)N(C)C,Inhibition,'=',1,%,NA,,,UO_0000187,NA,,,,FALSE,CHEMBL873666,Inhibition of fatty acid synthase at a concentration of 150 (uM),B,BAO_0000357,single protein format,None,None,None,None,None,CHEMBL4158,Fatty acid synthase,Homo sapiens,SINGLE PROTEIN,CHEMBL1132487,1,Scientific Literature,J. Med. Chem.,1999,None
24,Inhibitor,CHEMBL1502,PANTOPRAZOLE,4,383.38,0,2.88,"9, pantoprazole",COc1ccnc(C[S+]([O-])c2nc3cc(OC(F)F)ccc3[nH]2)c1OC,Inhibition,'>=',40,%,NA,,,UO_0000187,NA,,,,FALSE,CHEMBL3411198,Inhibition of purified recombinant FASN TE activity (unknown origin) using 4-MUH as substrate preincubated for 30 mins before substrate addition measured after 1 hr by fluorescence assay,B,BAO_0000357,single protein format,Homo sapiens,None,None,None,None,CHEMBL4158,Fatty acid synthase,Homo sapiens,SINGLE PROTEIN,CHEMBL3407413,1,Scientific Literature,J. Med. Chem.,2015,None
25,Inhibitor,CHEMBL294009,FLAVONOL,0,238.24,0,3.17,3-hydroxyflavone,O=c1c(O)c(-c2ccccc2)oc2ccccc12,Inhibition,'=',6.5,%,NA,,,UO_0000187,NA,,,,FALSE,CHEMBL862462,Inhibition of FAS at 100 uM,B,BAO_0000357,single protein format,Homo sapiens,None,None,None,None,CHEMBL4158,Fatty acid synthase,Homo sapiens,SINGLE PROTEIN,CHEMBL1149347,1,Scientific Literature,Bioorg. Med. Chem. Lett.,2006,None
26,Inhibitor,CHEMBL342737,,0,219.24,0,0.72,2a,CN(C)C(=O)[C@H]1O[C@H]1C(=O)c1ccccc1,Inhibition,'=',3,%,NA,,,UO_0000187,NA,,,,FALSE,CHEMBL873666,Inhibition of fatty acid synthase at a concentration of 150 (uM),B,BAO_0000357,single protein format,None,None,None,None,None,CHEMBL4158,Fatty acid synthase,Homo sapiens,SINGLE PROTEIN,CHEMBL1132487,1,Scientific Literature,J. Med. Chem.,1999,None
27,Non-Inhibitor,CHEMBL424116,,0,257.37,0,1.95,8a,CCCCCCCCC(O)[C@H]1O[C@H]1C(=O)N(C)C,Inhibition,'=',0,%,NA,,,UO_0000187,NA,,,,FALSE,CHEMBL873666,Inhibition of fatty acid synthase at a concentration of 150 (uM),B,BAO_0000357,single protein format,None,None,None,None,None,CHEMBL4158,Fatty acid synthase,Homo sapiens,SINGLE PROTEIN,CHEMBL1132487,1,Scientific Literature,J. Med. Chem.,1999,None
28,Non-Inhibitor,CHEMBL147588,,0,353.55,1,5.07,7f,CCCCCCCCCCCCCCCCCC(=O)[C@H]1O[C@H]1C(N)=O,Inhibition,'=',0,%,NA,,,UO_0000187,NA,,,,FALSE,CHEMBL873666,Inhibition of fatty acid synthase at a concentration of 150 (uM),B,BAO_0000357,single protein format,None,None,None,None,None,CHEMBL4158,Fatty acid synthase,Homo sapiens,SINGLE PROTEIN,CHEMBL1132487,1,Scientific Literature,J. Med. Chem.,1999,None
29,Inhibitor,CHEMBL583912,(-)-EPICATECHIN,2,290.27,0,1.55,(-)-epicatechin,Oc1cc(O)c2c(c1)O[C@H](c1ccc(O)c(O)c1)[C@H](O)C2,Inhibition,'=',10.2,%,NA,,,UO_0000187,NA,,,,FALSE,CHEMBL862462,Inhibition of FAS at 100 uM,B,BAO_0000357,single protein format,Homo sapiens,None,None,None,None,CHEMBL4158,Fatty acid synthase,Homo sapiens,SINGLE PROTEIN,CHEMBL1149347,1,Scientific Literature,Bioorg. Med. Chem. Lett.,2006,None
30,Inhibitor,CHEMBL144624,,0,282.42,0,4.38,5d,CCCCCCCCCCCCCC1OC(=O)[C@@H]2O[C@H]12,Inhibition,'=',0,%,NA,,,UO_0000187,NA,,,,FALSE,CHEMBL873666,Inhibition of fatty acid synthase at a concentration of 150 (uM),B,BAO_0000357,single protein format,None,None,None,None,None,CHEMBL4158,Fatty acid synthase,Homo sapiens,SINGLE PROTEIN,CHEMBL1132487,1,Scientific Literature,J. Med. Chem.,1999,None
31,Non-Inhibitor,CHEMBL341660,,0,325.49,0,4.11,9d,CCCCCCCCCCCCCC(=O)[C@H]1O[C@H]1C(=O)N(C)C,Inhibition,'=',2,%,NA,,,UO_0000187,NA,,,,FALSE,CHEMBL873666,Inhibition of fatty acid synthase at a concentration of 150 (uM),B,BAO_0000357,single protein format,None,None,None,None,None,CHEMBL4158,Fatty acid synthase,Homo sapiens,SINGLE PROTEIN,CHEMBL1132487,1,Scientific Literature,J. Med. Chem.,1999,None
32,Inhibitor,CHEMBL148329,,0,229.32,0,1.35,6a,CCCCCCCCC(O)[C@H]1O[C@H]1C(N)=O,Inhibition,'=',4,%,NA,,,UO_0000187,NA,,,,FALSE,CHEMBL873666,Inhibition of fatty acid synthase at a concentration of 150 (uM),B,BAO_0000357,single protein format,None,None,None,None,None,CHEMBL4158,Fatty acid synthase,Homo sapiens,SINGLE PROTEIN,CHEMBL1132487,1,Scientific Literature,J. Med. Chem.,1999,None
33,Non-Inhibitor,CHEMBL148269,,0,353.55,0,4.89,9e,CCCCCCCCCCCCCCCC(=O)[C@H]1O[C@H]1C(=O)N(C)C,Inhibition,'=',0,%,NA,,,UO_0000187,NA,,,,FALSE,CHEMBL873666,Inhibition of fatty acid synthase at a concentration of 150 (uM),B,BAO_0000357,single protein format,None,None,None,None,None,CHEMBL4158,Fatty acid synthase,Homo sapiens,SINGLE PROTEIN,CHEMBL1132487,1,Scientific Literature,J. Med. Chem.,1999,None
34,Inhibitor,CHEMBL464982,GAMOLENIC ACID,4,278.44,1,5.66,"53, GLA",CCCCC/C=C\C/C=C\C/C=C\CCCCC(=O)O,Inhibition,'=',41,%,NA,,,UO_0000187,NA,,,,FALSE,CHEMBL2169019,Inhibition of FASN in human SKBR3 cells at 22.4 uM,B,BAO_0000219,cell-based format,Homo sapiens,None,None,SK-BR-3,None,CHEMBL4158,Fatty acid synthase,Homo sapiens,SINGLE PROTEIN,CHEMBL2163275,1,Scientific Literature,J. Med. Chem.,2011,CHEMBL3308062
35,Inhibitor,CHEMBL147946,,0,355.56,0,4.86,6f,CCCCCCCCCCCCCCCCCC(O)[C@H]1O[C@H]1C(N)=O,Inhibition,'=',0,%,NA,,,UO_0000187,NA,,,,FALSE,CHEMBL873666,Inhibition of fatty acid synthase at a concentration of 150 (uM),B,BAO_0000357,single protein format,None,None,None,None,None,CHEMBL4158,Fatty acid synthase,Homo sapiens,SINGLE PROTEIN,CHEMBL1132487,1,Scientific Literature,J. Med. Chem.,1999,None
36,Non-Inhibitor,CHEMBL147821,,0,297.44,0,3.51,7d,CCCCCCCCCCCCCC(=O)[C@H]1O[C@H]1C(N)=O,Inhibition,'=',0,%,NA,,,UO_0000187,NA,,,,FALSE,CHEMBL873666,Inhibition of fatty acid synthase at a concentration of 150 (uM),B,BAO_0000357,single protein format,None,None,None,None,None,CHEMBL4158,Fatty acid synthase,Homo sapiens,SINGLE PROTEIN,CHEMBL1132487,1,Scientific Literature,J. Med. Chem.,1999,None
37,Non-Inhibitor,CHEMBL148180,,0,383.62,1,5.46,8f,CCCCCCCCCCCCCCCCCC(O)[C@H]1O[C@H]1C(=O)N(C)C,Inhibition,'=',3,%,NA,,,UO_0000187,NA,,,,FALSE,CHEMBL873666,Inhibition of fatty acid synthase at a concentration of 150 (uM),B,BAO_0000357,single protein format,None,None,None,None,None,CHEMBL4158,Fatty acid synthase,Homo sapiens,SINGLE PROTEIN,CHEMBL1132487,1,Scientific Literature,J. Med. Chem.,1999,None
38,Inhibitor,CHEMBL404849,SULOCTIDIL,4,337.57,1,5.56,18,CCCCCCCCNC(C)C(O)c1ccc(SC(C)C)cc1,Inhibition,'>=',40,%,NA,,,UO_0000187,NA,,,,FALSE,CHEMBL3411198,Inhibition of purified recombinant FASN TE activity (unknown origin) using 4-MUH as substrate preincubated for 30 mins before substrate addition measured after 1 hr by fluorescence assay,B,BAO_0000357,single protein format,Homo sapiens,None,None,None,None,CHEMBL4158,Fatty acid synthase,Homo sapiens,SINGLE PROTEIN,CHEMBL3407413,1,Scientific Literature,J. Med. Chem.,2015,None
39,Non-Inhibitor,CHEMBL147329,,0,212.29,0,2.43,5a,CCCCCCCCC1OC(=O)[C@@H]2O[C@H]12,Inhibition,'=',75,%,NA,,,UO_0000187,NA,,,,FALSE,CHEMBL873666,Inhibition of fatty acid synthase at a concentration of 150 (uM),B,BAO_0000357,single protein format,None,None,None,None,None,CHEMBL4158,Fatty acid synthase,Homo sapiens,SINGLE PROTEIN,CHEMBL1132487,1,Scientific Literature,J. Med. Chem.,1999,None
40,Non-Inhibitor,CHEMBL2087128,,0,464.38,1,3.51,20,O=C(Oc1cc(OC(=O)c2cc(O)c(O)c(O)c2)c2ccccc2c1)c1cc(O)c(O)c(O)c1,Inhibition,'=',90,%,NA,,,UO_0000187,NA,,,,FALSE,CHEMBL2090544,Inhibition of FASN in human SK-BR-3 cells assessed as oxidation of NADPH at 21 uM after 24 hrs by Spectrophotometric analysis relative to control,B,BAO_0000219,cell-based format,Homo sapiens,None,None,SK-BR-3,None,CHEMBL4158,Fatty acid synthase,Homo sapiens,SINGLE PROTEIN,CHEMBL2086320,1,Scientific Literature,J. Med. Chem.,2012,CHEMBL3308062
41,Non-Inhibitor,CHEMBL2087135,,0,464.38,1,3.51,27,O=C(Oc1cc2ccccc2cc1OC(=O)c1cc(O)c(O)c(O)c1)c1cc(O)c(O)c(O)c1,Inhibition,'=',31,%,NA,,,UO_0000187,NA,,,,FALSE,CHEMBL2090668,Inhibition of FASN in human SK-BR-3 cells assessed as oxidation of NADPH at 76 uM after 24 hrs by Spectrophotometric analysis relative to control,B,BAO_0000219,cell-based format,Homo sapiens,None,None,SK-BR-3,None,CHEMBL4158,Fatty acid synthase,Homo sapiens,SINGLE PROTEIN,CHEMBL2086320,1,Scientific Literature,J. Med. Chem.,2012,CHEMBL3308062
42,Non-Inhibitor,CHEMBL2087138,,0,490.42,1,4.03,30,O=C(Oc1ccc(-c2ccc(OC(=O)c3cc(O)c(O)c(O)c3)cc2)cc1)c1cc(O)c(O)c(O)c1,Inhibition,'=',90,%,NA,,,UO_0000187,NA,,,,FALSE,CHEMBL2090670,Inhibition of FASN in human SK-BR-3 cells assessed as oxidation of NADPH at 4 uM after 24 hrs by Spectrophotometric analysis relative to control,B,BAO_0000219,cell-based format,Homo sapiens,None,None,SK-BR-3,None,CHEMBL4158,Fatty acid synthase,Homo sapiens,SINGLE PROTEIN,CHEMBL2086320,1,Scientific Literature,J. Med. Chem.,2012,CHEMBL3308062
43,Non-Inhibitor,CHEMBL342075,,0,226.32,0,2.82,5b,CCCCCCCCCC1OC(=O)[C@@H]2O[C@H]12,Inhibition,'=',40,%,NA,,,UO_0000187,NA,,,,FALSE,CHEMBL873666,Inhibition of fatty acid synthase at a concentration of 150 (uM),B,BAO_0000357,single protein format,None,None,None,None,None,CHEMBL4158,Fatty acid synthase,Homo sapiens,SINGLE PROTEIN,CHEMBL1132487,1,Scientific Literature,J. Med. Chem.,1999,None
44,Non-Inhibitor,CHEMBL147632,,0,327.51,0,4.08,6e,CCCCCCCCCCCCCCCC(O)[C@H]1O[C@H]1C(N)=O,Inhibition,'=',10,%,NA,,,UO_0000187,NA,,,,FALSE,CHEMBL873666,Inhibition of fatty acid synthase at a concentration of 150 (uM),B,BAO_0000357,single protein format,None,None,None,None,None,CHEMBL4158,Fatty acid synthase,Homo sapiens,SINGLE PROTEIN,CHEMBL1132487,1,Scientific Literature,J. Med. Chem.,1999,None
45,Inhibitor,CHEMBL547,ISOTRETINOIN,4,300.44,1,5.6,16,CC1=C(/C=C/C(C)=C/C=C/C(C)=C\C(=O)O)C(C)(C)CCC1,Inhibition,'>=',40,%,NA,,,UO_0000187,NA,,,,FALSE,CHEMBL3411198,Inhibition of purified recombinant FASN TE activity (unknown origin) using 4-MUH as substrate preincubated for 30 mins before substrate addition measured after 1 hr by fluorescence assay,B,BAO_0000357,single protein format,Homo sapiens,None,None,None,None,CHEMBL4158,Fatty acid synthase,Homo sapiens,SINGLE PROTEIN,CHEMBL3407413,1,Scientific Literature,J. Med. Chem.,2015,None
46,Non-Inhibitor,CHEMBL2087121,,0,472.36,2,2.15,13,COC(=O)c1cc(OC(=O)c2cc(O)c(O)c(O)c2)ccc1OC(=O)c1cc(O)c(O)c(O)c1,Inhibition,'=',43,%,NA,,,UO_0000187,NA,,,,FALSE,CHEMBL2091016,Inhibition of FASN in human SK-BR-3 cells assessed as oxidation of NADPH at 36 uM after 24 hrs by Spectrophotometric analysis relative to control,B,BAO_0000219,cell-based format,Homo sapiens,None,None,SK-BR-3,None,CHEMBL4158,Fatty acid synthase,Homo sapiens,SINGLE PROTEIN,CHEMBL2086320,1,Scientific Literature,J. Med. Chem.,2012,CHEMBL3308062
47,Non-Inhibitor,CHEMBL2087129,,0,464.38,1,3.51,21,O=C(Oc1ccc(OC(=O)c2cc(O)c(O)c(O)c2)c2ccccc12)c1cc(O)c(O)c(O)c1,Inhibition,'=',69,%,NA,,,UO_0000187,NA,,,,FALSE,CHEMBL2090548,Inhibition of FASN in human SK-BR-3 cells assessed as oxidation of NADPH at 29 uM after 24 hrs by Spectrophotometric analysis relative to control,B,BAO_0000219,cell-based format,Homo sapiens,None,None,SK-BR-3,None,CHEMBL4158,Fatty acid synthase,Homo sapiens,SINGLE PROTEIN,CHEMBL2086320,1,Scientific Literature,J. Med. Chem.,2012,CHEMBL3308062
48,Inhibitor,CHEMBL464982,GAMOLENIC ACID,4,278.44,1,5.66,"53, GLA",CCCCC/C=C\C/C=C\C/C=C\CCCCC(=O)O,Inhibition,'=',78,%,NA,,,UO_0000187,NA,,,,FALSE,CHEMBL2169020,Inhibition of FASN in human SKBR3 cells at 179 uM,B,BAO_0000219,cell-based format,Homo sapiens,None,None,SK-BR-3,None,CHEMBL4158,Fatty acid synthase,Homo sapiens,SINGLE PROTEIN,CHEMBL2163275,1,Scientific Literature,J. Med. Chem.,2011,CHEMBL3308062
49,Non-Inhibitor,CHEMBL2087129,,0,464.38,1,3.51,40,O=C(Oc1ccc(OC(=O)c2cc(O)c(O)c(O)c2)c2ccccc12)c1cc(O)c(O)c(O)c1,Inhibition,'=',69,%,NA,,,UO_0000187,NA,,,,TRUE,CHEMBL2167403,Inhibition of FASN in human SKBR3 cells at 29 uM after 3 mins by spectrophotometric analysis relative to control,B,BAO_0000219,cell-based format,Homo sapiens,None,None,SK-BR-3,None,CHEMBL4158,Fatty acid synthase,Homo sapiens,SINGLE PROTEIN,CHEMBL2163275,1,Scientific Literature,J. Med. Chem.,2011,CHEMBL3308062
50,Non-Inhibitor,CHEMBL4062216,,0,240.34,0,2.83,(-)-UB006,C=C1C(=O)O[C@@H](CCCCCCCC)[C@@H]1CO,Inhibition,'=',24.1,%,NA,,,UO_0000187,NA,,,,FALSE,CHEMBL4017576,Inhibition of fatty acid synthase in human OVCAR3 cells at 2 to 8 ug/ml pretreated for 2 hrs followed by [U14C]-acetate addition measured after 2 hrs by scintillation counting method relative to control,B,BAO_0000219,cell-based format,Homo sapiens,None,None,None,None,CHEMBL4158,Fatty acid synthase,Homo sapiens,SINGLE PROTEIN,CHEMBL4017443,1,Scientific Literature,Eur J Med Chem,2017,None
51,Non-Inhibitor,CHEMBL477382,,0,254.33,0,2.92,(+/-)-C-75,C=C1C(=O)OC(CCCCCCCC)C1C(=O)O,Inhibition,'=',38,%,NA,,,UO_0000187,NA,,,,FALSE,CHEMBL4017575,Inhibition of fatty acid synthase in human OVCAR3 cells assessed as reduction in fatty acid synthesis at 8 ug/ml pretreated for 2 hrs followed by [U14C]-acetate addition measured after 2 hrs by scintillation counting method relative to control,B,BAO_0000219,cell-based format,Homo sapiens,None,None,None,None,CHEMBL4158,Fatty acid synthase,Homo sapiens,SINGLE PROTEIN,CHEMBL4017443,1,Scientific Literature,Eur J Med Chem,2017,None
52,Inhibitor,CHEMBL2087124,,0,468.41,1,3.51,16,O=C(O[C@H]1CC[C@H](OC(=O)c2cc(O)c(O)c(O)c2)c2ccccc21)c1cc(O)c(O)c(O)c1,Inhibition,'=',41,%,NA,,,UO_0000187,NA,,,,FALSE,CHEMBL2091013,Inhibition of FASN in human SK-BR-3 cells assessed as oxidation of NADPH at 42 uM after 24 hrs by Spectrophotometric analysis relative to control,B,BAO_0000219,cell-based format,Homo sapiens,None,None,SK-BR-3,None,CHEMBL4158,Fatty acid synthase,Homo sapiens,SINGLE PROTEIN,CHEMBL2086320,1,Scientific Literature,J. Med. Chem.,2012,CHEMBL3308062
53,Inhibitor,CHEMBL4083935,,0,240.34,0,2.83,(+)-UB006,C=C1C(=O)O[C@H](CCCCCCCC)[C@H]1CO,Inhibition,'=',68,%,NA,,,UO_0000187,NA,,,,FALSE,CHEMBL4017574,Inhibition of fatty acid synthase in human OVCAR3 cells assessed as reduction in fatty acid synthesis at 2 ug/ml pretreated for 2 hrs followed by [U14C]-acetate addition measured after 2 hrs by scintillation counting method relative to control,B,BAO_0000219,cell-based format,Homo sapiens,None,None,None,None,CHEMBL4158,Fatty acid synthase,Homo sapiens,SINGLE PROTEIN,CHEMBL4017443,1,Scientific Literature,Eur J Med Chem,2017,None
54,Inhibitor,CHEMBL175247,ORLISTAT,4,495.75,1,6.88,"Orlistat, Xenical",CCCCCCCCCCC[C@@H](C[C@@H]1OC(=O)[C@H]1CCCCCC)OC(=O)[C@H](CC(C)C)NC=O,Ki,'=',280,nM,6.55,,,UO_0000065,NA,,,,FALSE,CHEMBL2169046,Antagonist activity at recombinant FASN thioesterase domain by fluorogenic assay,F,BAO_0000019,assay format,None,None,None,None,None,CHEMBL4158,Fatty acid synthase,Homo sapiens,SINGLE PROTEIN,CHEMBL2163275,1,Scientific Literature,J. Med. Chem.,2011,None
55,Non-Inhibitor,CHEMBL47994,,0,416.42,1,-2.76,9,Nc1ncnc2c1ncn2[C@@H]1O[C@H](CS(=O)(=O)CC[C@H](N)C(=O)O)[C@@H](O)[C@H]1O,Ki,'=',1.00E+05,nM,4,,,UO_0000065,9.61,0.2,6.76,1.85,FALSE,CHEMBL682484,Inhibition constant against Escherichia coli cyclopropane fatty acid synthase,B,BAO_0000357,single protein format,Escherichia coli,None,None,None,None,CHEMBL4158,Fatty acid synthase,Homo sapiens,SINGLE PROTEIN,CHEMBL1148231,1,Scientific Literature,Bioorg. Med. Chem. Lett.,2004,None
56,Non-Inhibitor,CHEMBL2165413,,0,266.34,0,3.4,24,O=C1O[C@@H](CCc2ccccc2)[C@H]1Cc1ccccc1,Ki,'=',2500,nM,5.6,,,UO_0000065,NA,,,,FALSE,CHEMBL2169046,Antagonist activity at recombinant FASN thioesterase domain by fluorogenic assay,F,BAO_0000019,assay format,None,None,None,None,None,CHEMBL4158,Fatty acid synthase,Homo sapiens,SINGLE PROTEIN,CHEMBL2163275,1,Scientific Literature,J. Med. Chem.,2011,None
57,Non-Inhibitor,CHEMBL46902,,0,400.42,1,-2.42,8b (Diastereomer),Nc1ncnc2c1ncn2[C@@H]1O[C@H](C[S+]([O-])CC[C@H](N)C(=O)O)[C@@H](O)[C@H]1O,Ki,'=',150000,nM,NA,Outside typical range,,UO_0000065,NA,,,,FALSE,CHEMBL682484,Inhibition constant against Escherichia coli cyclopropane fatty acid synthase,B,BAO_0000357,single protein format,Escherichia coli,None,None,None,None,CHEMBL4158,Fatty acid synthase,Homo sapiens,SINGLE PROTEIN,CHEMBL1148231,1,Scientific Literature,Bioorg. Med. Chem. Lett.,2004,None
58,Inhibitor,CHEMBL418052,S-ADENOSYLHOMOCYSTEINE,0,384.42,1,-1.44,"D,L-5",Nc1ncnc2c1ncn2[C@@H]1O[C@H](CSCC[C@H](N)C(=O)O)[C@@H](O)[C@H]1O,Ki,'=',150000,nM,NA,Outside typical range,,UO_0000065,NA,,,,FALSE,CHEMBL682484,Inhibition constant against Escherichia coli cyclopropane fatty acid synthase,B,BAO_0000357,single protein format,Escherichia coli,None,None,None,None,CHEMBL4158,Fatty acid synthase,Homo sapiens,SINGLE PROTEIN,CHEMBL1148231,1,Scientific Literature,Bioorg. Med. Chem. Lett.,2004,None
59,Inhibitor,CHEMBL277041,METHYLTHIOADENOSINE,0,297.34,0,-0.61,3,CSC[C@H]1O[C@@H](n2cnc3c(N)ncnc32)[C@H](O)[C@@H]1O,Ki,'=',1500000,nM,NA,Outside typical range,,UO_0000065,NA,,,,FALSE,CHEMBL682484,Inhibition constant against Escherichia coli cyclopropane fatty acid synthase,B,BAO_0000357,single protein format,Escherichia coli,None,None,None,None,CHEMBL4158,Fatty acid synthase,Homo sapiens,SINGLE PROTEIN,CHEMBL1148231,1,Scientific Literature,Bioorg. Med. Chem. Lett.,2004,None
60,Non-Inhibitor,CHEMBL45041,,0,384.42,1,-1.44,L-5,Nc1ncnc2c1ncn2[C@@H]1O[C@H](CSCCC(N)C(=O)O)[C@@H](O)[C@H]1O,Ki,'=',30000,nM,4.52,,,UO_0000065,11.77,0.24,5.96,2.48,FALSE,CHEMBL682484,Inhibition constant against Escherichia coli cyclopropane fatty acid synthase,B,BAO_0000357,single protein format,Escherichia coli,None,None,None,None,CHEMBL4158,Fatty acid synthase,Homo sapiens,SINGLE PROTEIN,CHEMBL1148231,1,Scientific Literature,Bioorg. Med. Chem. Lett.,2004,None
61,Inhibitor,CHEMBL42336,METHIONINE,4,149.22,0,0.15,1 (L-methionine),CSCC[C@H](N)C(=O)O,Ki,'>',1.50E+08,nM,NA,Outside typical range,,UO_0000065,NA,,,,FALSE,CHEMBL682484,Inhibition constant against Escherichia coli cyclopropane fatty acid synthase,B,BAO_0000357,single protein format,Escherichia coli,None,None,None,None,CHEMBL4158,Fatty acid synthase,Homo sapiens,SINGLE PROTEIN,CHEMBL1148231,1,Scientific Literature,Bioorg. Med. Chem. Lett.,2004,None
62,Non-Inhibitor,CHEMBL46902,,0,400.42,1,-2.42,8a,Nc1ncnc2c1ncn2[C@@H]1O[C@H](C[S+]([O-])CC[C@H](N)C(=O)O)[C@@H](O)[C@H]1O,Ki,'=',30000,nM,4.52,,,UO_0000065,11.3,0.23,6.94,2.26,FALSE,CHEMBL682484,Inhibition constant against Escherichia coli cyclopropane fatty acid synthase,B,BAO_0000357,single protein format,Escherichia coli,None,None,None,None,CHEMBL4158,Fatty acid synthase,Homo sapiens,SINGLE PROTEIN,CHEMBL1148231,1,Scientific Literature,Bioorg. Med. Chem. Lett.,2004,None
63,Non-Inhibitor,CHEMBL294920,,0,313.34,0,-1.59,6,C[S+]([O-])C[C@H]1O[C@@H](n2cnc3c(N)ncnc32)[C@H](O)[C@@H]1O,Ki,'=',5.00E+05,nM,NA,Outside typical range,,UO_0000065,NA,,,,FALSE,CHEMBL682484,Inhibition constant against Escherichia coli cyclopropane fatty acid synthase,B,BAO_0000357,single protein format,Escherichia coli,None,None,None,None,CHEMBL4158,Fatty acid synthase,Homo sapiens,SINGLE PROTEIN,CHEMBL1148231,1,Scientific Literature,Bioorg. Med. Chem. Lett.,2004,None
64,Inhibitor,CHEMBL1502,PANTOPRAZOLE,4,383.38,0,2.88,"9, pantoprazole",COc1ccnc(C[S+]([O-])c2nc3cc(OC(F)F)ccc3[nH]2)c1OC,Ki,'=',4100,nM,5.39,,,UO_0000065,14.05,0.28,2.51,6.24,FALSE,CHEMBL3411198,Inhibition of purified recombinant FASN TE activity (unknown origin) using 4-MUH as substrate preincubated for 30 mins before substrate addition measured after 1 hr by fluorescence assay,B,BAO_0000357,single protein format,Homo sapiens,None,None,None,None,CHEMBL4158,Fatty acid synthase,Homo sapiens,SINGLE PROTEIN,CHEMBL3407413,1,Scientific Literature,J. Med. Chem.,2015,None
65,Non-Inhibitor,CHEMBL296716,,0,329.34,0,-1.93,7,CS(=O)(=O)C[C@H]1O[C@@H](n2cnc3c(N)ncnc32)[C@H](O)[C@@H]1O,Ki,'=',220000,nM,NA,Outside typical range,,UO_0000065,NA,,,,FALSE,CHEMBL682484,Inhibition constant against Escherichia coli cyclopropane fatty acid synthase,B,BAO_0000357,single protein format,Escherichia coli,None,None,None,None,CHEMBL4158,Fatty acid synthase,Homo sapiens,SINGLE PROTEIN,CHEMBL1148231,1,Scientific Literature,Bioorg. Med. Chem. Lett.,2004,None
66,Non-Inhibitor,CHEMBL540135,,0,439.28,0,-1.09,4,C[S+](C)C[C@H]1O[C@@H](n2cnc3c(N)ncnc32)[C@H](O)[C@@H]1O,Ki,'=',2500000,nM,NA,Outside typical range,,UO_0000065,NA,,,,FALSE,CHEMBL682484,Inhibition constant against Escherichia coli cyclopropane fatty acid synthase,B,BAO_0000357,single protein format,Escherichia coli,None,None,None,None,CHEMBL4158,Fatty acid synthase,Homo sapiens,SINGLE PROTEIN,CHEMBL1148231,1,Scientific Literature,Bioorg. Med. Chem. Lett.,2004,None
67,Non-Inhibitor,CHEMBL540394,,0,291.15,0,-0.33,2,C[S+](C)CC[C@H](N)C(=O)O,Ki,'=',1.40E+08,nM,NA,Outside typical range,,UO_0000065,NA,,,,FALSE,CHEMBL682484,Inhibition constant against Escherichia coli cyclopropane fatty acid synthase,B,BAO_0000357,single protein format,Escherichia coli,None,None,None,None,CHEMBL4158,Fatty acid synthase,Homo sapiens,SINGLE PROTEIN,CHEMBL1148231,1,Scientific Literature,Bioorg. Med. Chem. Lett.,2004,None
68,Non-Inhibitor,CHEMBL46902,,0,400.42,1,-2.42,8,Nc1ncnc2c1ncn2[C@@H]1O[C@H](C[S+]([O-])CC[C@H](N)C(=O)O)[C@@H](O)[C@H]1O,Ki,'=',50000,nM,4.3,,,UO_0000065,10.74,0.22,6.72,2.15,FALSE,CHEMBL682484,Inhibition constant against Escherichia coli cyclopropane fatty acid synthase,B,BAO_0000357,single protein format,Escherichia coli,None,None,None,None,CHEMBL4158,Fatty acid synthase,Homo sapiens,SINGLE PROTEIN,CHEMBL1148231,1,Scientific Literature,Bioorg. Med. Chem. Lett.,2004,None
69,Inhibitor,CHEMBL480,LANSOPRAZOLE,4,369.37,0,3.52,LANSOPRAZOLE,Cc1c(OCC(F)(F)F)ccnc1C[S+]([O-])c1nc2ccccc2[nH]1,Ki,'=',5300,nM,5.28,,,UO_0000065,14.28,0.29,1.76,7.77,FALSE,CHEMBL3411198,Inhibition of purified recombinant FASN TE activity (unknown origin) using 4-MUH as substrate preincubated for 30 mins before substrate addition measured after 1 hr by fluorescence assay,B,BAO_0000357,single protein format,Homo sapiens,None,None,None,None,CHEMBL4158,Fatty acid synthase,Homo sapiens,SINGLE PROTEIN,CHEMBL3407413,1,Scientific Literature,J. Med. Chem.,2015,None
70,Non-Inhibitor,CHEMBL2165266,,0,386.41,0,4.23,55,Cc1cc(C)cc(N2C(=O)NC(=O)/C(=C\c3ccc(-c4ccccc4)o3)C2=O)c1,Ki,'=',380,nM,6.42,,,UO_0000065,NA,,,,TRUE,CHEMBL2169022,Antagonist activity at human recombinant FASN thioesterase domain by fluorogenic assay,F,BAO_0000019,assay format,Homo sapiens,None,None,None,None,CHEMBL4158,Fatty acid synthase,Homo sapiens,SINGLE PROTEIN,CHEMBL2163275,1,Scientific Literature,J. Med. Chem.,2011,None
71,Inhibitor,CHEMBL1503,OMEPRAZOLE,4,345.42,0,2.9,Omeprazole,COc1ccc2[nH]c([S+]([O-])Cc3ncc(C)c(OC)c3C)nc2c1,Ki,'=',3400,nM,5.47,,,UO_0000065,15.83,0.31,2.57,7.09,FALSE,CHEMBL3411198,Inhibition of purified recombinant FASN TE activity (unknown origin) using 4-MUH as substrate preincubated for 30 mins before substrate addition measured after 1 hr by fluorescence assay,B,BAO_0000357,single protein format,Homo sapiens,None,None,None,None,CHEMBL4158,Fatty acid synthase,Homo sapiens,SINGLE PROTEIN,CHEMBL3407413,1,Scientific Literature,J. Med. Chem.,2015,None
72,Non-Inhibitor,CHEMBL2165266,,0,386.41,0,4.23,2,Cc1cc(C)cc(N2C(=O)NC(=O)/C(=C\c3ccc(-c4ccccc4)o3)C2=O)c1,Ki,'=',380,nM,6.42,,,UO_0000065,16.62,0.3,2.19,8.06,FALSE,CHEMBL3625454,Inhibition of fatty acid synthase KE domain (unknown origin),B,BAO_0000357,single protein format,Homo sapiens,None,None,None,None,CHEMBL4158,Fatty acid synthase,Homo sapiens,SINGLE PROTEIN,CHEMBL3621185,1,Scientific Literature,Bioorg. Med. Chem. Lett.,2015,None
73,Inhibitor,CHEMBL1219,RABEPRAZOLE,4,359.45,0,2.99,Rabeprazole,COCCCOc1ccnc(C[S+]([O-])c2nc3ccccc3[nH]2)c1C,Ki,'=',5900,nM,5.23,,,UO_0000065,14.55,0.29,2.24,6.78,FALSE,CHEMBL3411198,Inhibition of purified recombinant FASN TE activity (unknown origin) using 4-MUH as substrate preincubated for 30 mins before substrate addition measured after 1 hr by fluorescence assay,B,BAO_0000357,single protein format,Homo sapiens,None,None,None,None,CHEMBL4158,Fatty acid synthase,Homo sapiens,SINGLE PROTEIN,CHEMBL3407413,1,Scientific Literature,J. Med. Chem.,2015,None
74,Non-Inhibitor,CHEMBL2087120,,0,490.42,1,4.03,12,O=C(Oc1ccc(OC(=O)c2cc(O)c(O)c(O)c2)c(-c2ccccc2)c1)c1cc(O)c(O)c(O)c1,Inhibition,,NA,,NA,,Not Active,,NA,,,,FALSE,CHEMBL2091015,Inhibition of FASN in human SK-BR-3 cells assessed as oxidation of NADPH at 17 uM after 24 hrs by Spectrophotometric analysis relative to control,B,BAO_0000219,cell-based format,Homo sapiens,None,None,SK-BR-3,None,CHEMBL4158,Fatty acid synthase,Homo sapiens,SINGLE PROTEIN,CHEMBL2086320,1,Scientific Literature,J. Med. Chem.,2012,CHEMBL3308062
75,Non-Inhibitor,CHEMBL2087136,,0,464.38,1,3.51,28,O=C(Oc1ccc2cc(OC(=O)c3cc(O)c(O)c(O)c3)ccc2c1)c1cc(O)c(O)c(O)c1,Inhibition,,NA,,NA,,Not Active,,NA,,,,FALSE,CHEMBL2090669,Inhibition of FASN in human SK-BR-3 cells assessed as oxidation of NADPH at 5 uM after 24 hrs by Spectrophotometric analysis relative to control,B,BAO_0000219,cell-based format,Homo sapiens,None,None,SK-BR-3,None,CHEMBL4158,Fatty acid synthase,Homo sapiens,SINGLE PROTEIN,CHEMBL2086320,1,Scientific Literature,J. Med. Chem.,2012,CHEMBL3308062
76,Inhibitor,CHEMBL2087119,,0,428.35,1,2.67,11,Cc1cc(OC(=O)c2cc(O)c(O)c(O)c2)ccc1OC(=O)c1cc(O)c(O)c(O)c1,Inhibition,,NA,,NA,,Not Active,,NA,,,,FALSE,CHEMBL2091014,Inhibition of FASN in human SK-BR-3 cells assessed as oxidation of NADPH at 23 uM after 24 hrs by Spectrophotometric analysis relative to control,B,BAO_0000219,cell-based format,Homo sapiens,None,None,SK-BR-3,None,CHEMBL4158,Fatty acid synthase,Homo sapiens,SINGLE PROTEIN,CHEMBL2086320,1,Scientific Literature,J. Med. Chem.,2012,CHEMBL3308062
77,Non-Inhibitor,CHEMBL2165267,,0,754.89,3,-4.09,58,CC(C)C[C@H](NC(=O)[C@H](CCC(N)=O)NC(=O)[C@@H]1CCCN1C(=O)[C@H](CC(N)=O)NC(=O)[C@@H](N)CCCCN)C(=O)N[C@@H](CCCNC(=N)N)C(=O)O,IC50,,NA,,NA,,Not Determined,,NA,,,,FALSE,CHEMBL2169026,Inhibition of human recombinant FASN thioesterase domain,B,BAO_0000357,single protein format,Homo sapiens,None,None,None,None,CHEMBL4158,Fatty acid synthase,Homo sapiens,SINGLE PROTEIN,CHEMBL2163275,1,Scientific Literature,J. Med. Chem.,2011,None
78,Non-Inhibitor,CHEMBL2087115,,0,420.37,1,2.25,6,O=C(O[C@H]1CCCC[C@H]1OC(=O)c1cc(O)c(O)c(O)c1)c1cc(O)c(O)c(O)c1,Inhibition,,NA,,NA,,Not Determined,,NA,,,,FALSE,CHEMBL2091011,Inhibition of FASN in human SK-BR-3 cells assessed as oxidation of NADPH at >150 uM after 24 hrs by Spectrophotometric analysis relative to control,B,BAO_0000219,cell-based format,Homo sapiens,None,None,SK-BR-3,None,CHEMBL4158,Fatty acid synthase,Homo sapiens,SINGLE PROTEIN,CHEMBL2086320,1,Scientific Literature,J. Med. Chem.,2012,CHEMBL3308062
79,Inhibitor,CHEMBL2087123,,0,468.41,1,3.51,15,O=C(O[C@H]1CC[C@@H](OC(=O)c2cc(O)c(O)c(O)c2)c2ccccc21)c1cc(O)c(O)c(O)c1,Inhibition,,NA,,NA,,Not Active,,NA,,,,FALSE,CHEMBL2091018,Inhibition of FASN in human SK-BR-3 cells assessed as oxidation of NADPH at 22 uM after 24 hrs by Spectrophotometric analysis relative to control,B,BAO_0000219,cell-based format,Homo sapiens,None,None,SK-BR-3,None,CHEMBL4158,Fatty acid synthase,Homo sapiens,SINGLE PROTEIN,CHEMBL2086320,1,Scientific Literature,J. Med. Chem.,2012,CHEMBL3308062
80,Non-Inhibitor,CHEMBL209733,,0,281.27,0,3.01,7i,O=C(O)c1ccc2nc(O)c(-c3ccccc3)c(O)c2c1,IC50,,NA,,NA,,Not Determined,,NA,,,,FALSE,CHEMBL869274,Inhibition of human FAS,B,BAO_0000357,single protein format,Homo sapiens,None,None,None,None,CHEMBL4158,Fatty acid synthase,Homo sapiens,SINGLE PROTEIN,CHEMBL1149512,1,Scientific Literature,Bioorg. Med. Chem. Lett.,2006,None
81,Non-Inhibitor,CHEMBL203309,,0,196.27,0,2.59,47,C=C/C=C/C1(C)SC(=O)C(C)=C1O,Inhibition,,NA,,NA,,Not Active,,NA,,,,FALSE,CHEMBL858886,Inhibitory activity against human FAS1 at 100 uM,B,BAO_0000357,single protein format,Homo sapiens,None,None,None,None,CHEMBL4158,Fatty acid synthase,Homo sapiens,SINGLE PROTEIN,CHEMBL1148604,1,Scientific Literature,J. Med. Chem.,2006,None
82,Non-Inhibitor,CHEMBL383493,,0,214.33,0,3.29,34,CCC(C)C[C@@]1(C)SC(O)=C(C)C1=O,Inhibition,,NA,,NA,,Not Active,,NA,,,,FALSE,CHEMBL858886,Inhibitory activity against human FAS1 at 100 uM,B,BAO_0000357,single protein format,Homo sapiens,None,None,None,None,CHEMBL4158,Fatty acid synthase,Homo sapiens,SINGLE PROTEIN,CHEMBL1148604,1,Scientific Literature,J. Med. Chem.,2006,None
83,Non-Inhibitor,CHEMBL382200,,0,224.32,0,3.37,50,C/C=C/C(C)=C/[C@@]1(C)SC(O)=C(C)C1=O,Inhibition,,NA,,NA,,Not Active,,NA,,,,FALSE,CHEMBL858886,Inhibitory activity against human FAS1 at 100 uM,B,BAO_0000357,single protein format,Homo sapiens,None,None,None,None,CHEMBL4158,Fatty acid synthase,Homo sapiens,SINGLE PROTEIN,CHEMBL1148604,1,Scientific Literature,J. Med. Chem.,2006,None
84,Non-Inhibitor,CHEMBL371460,,0,212.31,0,3.21,32,CC/C(C)=C/[C@@]1(C)SC(O)=C(C)C1=O,Inhibition,,NA,,NA,,Not Active,,NA,,,,FALSE,CHEMBL858886,Inhibitory activity against human FAS1 at 100 uM,B,BAO_0000357,single protein format,Homo sapiens,None,None,None,None,CHEMBL4158,Fatty acid synthase,Homo sapiens,SINGLE PROTEIN,CHEMBL1148604,1,Scientific Literature,J. Med. Chem.,2006,None
85,Inhibitor,CHEMBL1224332,CUDRAXANTHONE,0,326.35,0,3.87,6,COc1cc2oc3c(O)cccc3c(=O)c2c(O)c1CC=C(C)C,IC50,,NA,,NA,,Not Determined,,NA,,,,FALSE,CHEMBL1260142,Inhibition of FAS,B,BAO_0000357,single protein format,None,None,None,None,None,CHEMBL4158,Fatty acid synthase,Homo sapiens,SINGLE PROTEIN,CHEMBL1255179,1,Scientific Literature,Bioorg. Med. Chem. Lett.,2010,None
86,Non-Inhibitor,CHEMBL1550905,,0,461.45,0,3.11,"28, AMZ30",N#C/C(=C\c1cccn1S(=O)(=O)c1cccc([N+](=O)[O-])c1)S(=O)(=O)c1ccc(F)cc1,Inhibition,,NA,,NA,,Not Active,,NA,,,,FALSE,CHEMBL2209100,"Inhibition of FASN binding to FP-biotin in [12C][14N]-lysine, arginine and [13C6][15N2]-lysine, arginine labeled HEK293T cells at 20 uM after 1 hr by isotopic activity-based protein profiling-MudPIT assay",B,BAO_0000219,cell-based format,Homo sapiens,None,None,HEK-293T,None,CHEMBL4158,Fatty acid synthase,Homo sapiens,SINGLE PROTEIN,CHEMBL2203175,1,Scientific Literature,J. Med. Chem.,2011,CHEMBL3706569
87,Non-Inhibitor,CHEMBL4091800,,0,623.75,1,4.33,21,CCCCCC[C@@H]1C(=O)O[C@H]1C(=O)NCCCC[C@H](NC(=O)OCc1ccccc1)C(=O)N[C@@H](C)C(=O)OCc1ccccc1,Inhibition,,NA,,NA,,Dose-dependent effect,,NA,,,,FALSE,CHEMBL4020858,"Competitive inhibition of human FAS thioster domain in MCF cells preincubated for 30 mins followed by TAMRA-N3 labelled (S)-4-ethynylbenzyl 2-((S)-2-(benzyloxycarbonylamino)-6-((2R,3S)-3-hexyl-4-oxooxetane-2-carboxamido)hexanamido)propanoate probe addition after 30 mins by BCA protein assay",B,BAO_0000219,cell-based format,Homo sapiens,None,None,None,None,CHEMBL4158,Fatty acid synthase,Homo sapiens,SINGLE PROTEIN,CHEMBL4020701,1,Scientific Literature,Bioorg Med Chem,2017,None
88,Non-Inhibitor,CHEMBL201017,,0,212.31,0,3.06,33,C=CC(C)C[C@@]1(C)SC(O)=C(C)C1=O,Inhibition,,NA,,NA,,Not Active,,NA,,,,FALSE,CHEMBL858886,Inhibitory activity against human FAS1 at 100 uM,B,BAO_0000357,single protein format,Homo sapiens,None,None,None,None,CHEMBL4158,Fatty acid synthase,Homo sapiens,SINGLE PROTEIN,CHEMBL1148604,1,Scientific Literature,J. Med. Chem.,2006,None
89,Inhibitor,CHEMBL2087132,,0,464.38,1,3.51,24,O=C(Oc1ccc2c(OC(=O)c3cc(O)c(O)c(O)c3)cccc2c1)c1cc(O)c(O)c(O)c1,Inhibition,,NA,,NA,,Not Active,,NA,,,,FALSE,CHEMBL2090551,Inhibition of FASN in human SK-BR-3 cells assessed as oxidation of NADPH at 39 uM after 24 hrs by Spectrophotometric analysis relative to control,B,BAO_0000219,cell-based format,Homo sapiens,None,None,SK-BR-3,None,CHEMBL4158,Fatty acid synthase,Homo sapiens,SINGLE PROTEIN,CHEMBL2086320,1,Scientific Literature,J. Med. Chem.,2012,CHEMBL3308062
90,Inhibitor,CHEMBL2087127,,0,464.38,1,3.51,19,O=C(Oc1ccc2ccccc2c1OC(=O)c1cc(O)c(O)c(O)c1)c1cc(O)c(O)c(O)c1,Inhibition,,NA,,NA,,Not Determined,,NA,,,,FALSE,CHEMBL2090545,Inhibition of FASN in human SK-BR-3 cells assessed as oxidation of NADPH at 74 uM after 24 hrs by Spectrophotometric analysis relative to control,B,BAO_0000219,cell-based format,Homo sapiens,None,None,SK-BR-3,None,CHEMBL4158,Fatty acid synthase,Homo sapiens,SINGLE PROTEIN,CHEMBL2086320,1,Scientific Literature,J. Med. Chem.,2012,CHEMBL3308062
91,Inhibitor,CHEMBL2087133,,0,464.38,1,3.51,25,O=C(Oc1ccc2cccc(OC(=O)c3cc(O)c(O)c(O)c3)c2c1)c1cc(O)c(O)c(O)c1,Inhibition,,NA,,NA,,Not Active,,NA,,,,FALSE,CHEMBL2090552,Inhibition of FASN in human SK-BR-3 cells assessed as oxidation of NADPH at 47 uM after 24 hrs by Spectrophotometric analysis relative to control,B,BAO_0000219,cell-based format,Homo sapiens,None,None,SK-BR-3,None,CHEMBL4158,Fatty acid synthase,Homo sapiens,SINGLE PROTEIN,CHEMBL2086320,1,Scientific Literature,J. Med. Chem.,2012,CHEMBL3308062
92,Inhibitor,CHEMBL2087116,,0,420.37,1,2.25,7,O=C(O[C@@H]1CCCC[C@H]1OC(=O)c1cc(O)c(O)c(O)c1)c1cc(O)c(O)c(O)c1,Inhibition,,NA,,NA,,Not Determined,,NA,,,,FALSE,CHEMBL2091011,Inhibition of FASN in human SK-BR-3 cells assessed as oxidation of NADPH at >150 uM after 24 hrs by Spectrophotometric analysis relative to control,B,BAO_0000219,cell-based format,Homo sapiens,None,None,SK-BR-3,None,CHEMBL4158,Fatty acid synthase,Homo sapiens,SINGLE PROTEIN,CHEMBL2086320,1,Scientific Literature,J. Med. Chem.,2012,CHEMBL3308062
93,Inhibitor,CHEMBL480,LANSOPRAZOLE,4,369.37,0,3.52,LANSOPRAZOLE,Cc1c(OCC(F)(F)F)ccnc1C[S+]([O-])c1nc2ccccc2[nH]1,Inhibition,,NA,,NA,,Dose-dependent effect,,NA,,,,FALSE,CHEMBL3411207,Inhibition of desthiobiotinfluorophosphonate probe binding to FASN TE catalytic region in human PANC1 cells after 30 mins by Western blot analysis,B,BAO_0000219,cell-based format,Homo sapiens,None,None,PANC-1,None,CHEMBL4158,Fatty acid synthase,Homo sapiens,SINGLE PROTEIN,CHEMBL3407413,1,Scientific Literature,J. Med. Chem.,2015,CHEMBL3307545
94,Inhibitor,CHEMBL2087126,,0,468.41,1,3.24,18,O=C(Oc1ccc(OC(=O)c2cc(O)c(O)c(O)c2)c2c1CCCC2)c1cc(O)c(O)c(O)c1,Inhibition,,NA,,NA,,Not Active,,NA,,,,FALSE,CHEMBL2090546,Inhibition of FASN in human SK-BR-3 cells assessed as oxidation of NADPH at 41 uM after 24 hrs by Spectrophotometric analysis relative to control,B,BAO_0000219,cell-based format,Homo sapiens,None,None,SK-BR-3,None,CHEMBL4158,Fatty acid synthase,Homo sapiens,SINGLE PROTEIN,CHEMBL2086320,1,Scientific Literature,J. Med. Chem.,2012,CHEMBL3308062
95,Inhibitor,CHEMBL2087114,,0,366.28,1,0.93,5,O=C(OCCOC(=O)c1cc(O)c(O)c(O)c1)c1cc(O)c(O)c(O)c1,Inhibition,,NA,,NA,,Not Determined,,NA,,,,FALSE,CHEMBL2091011,Inhibition of FASN in human SK-BR-3 cells assessed as oxidation of NADPH at >150 uM after 24 hrs by Spectrophotometric analysis relative to control,B,BAO_0000219,cell-based format,Homo sapiens,None,None,SK-BR-3,None,CHEMBL4158,Fatty acid synthase,Homo sapiens,SINGLE PROTEIN,CHEMBL2086320,1,Scientific Literature,J. Med. Chem.,2012,CHEMBL3308062
96,Inhibitor,CHEMBL2087125,,0,468.41,1,3.24,17,O=C(Oc1cc2c(c(OC(=O)c3cc(O)c(O)c(O)c3)c1)CCCC2)c1cc(O)c(O)c(O)c1,Inhibition,,NA,,NA,,Not Active,,NA,,,,FALSE,CHEMBL2091019,Inhibition of FASN in human SK-BR-3 cells assessed as oxidation of NADPH at 31 uM after 24 hrs by Spectrophotometric analysis relative to control,B,BAO_0000219,cell-based format,Homo sapiens,None,None,SK-BR-3,None,CHEMBL4158,Fatty acid synthase,Homo sapiens,SINGLE PROTEIN,CHEMBL2086320,1,Scientific Literature,J. Med. Chem.,2012,CHEMBL3308062
97,Inhibitor,CHEMBL2087134,,0,464.38,1,3.51,26,O=C(Oc1cccc2cccc(OC(=O)c3cc(O)c(O)c(O)c3)c12)c1cc(O)c(O)c(O)c1,Inhibition,,NA,,NA,,Not Active,,NA,,,,FALSE,CHEMBL2090553,Inhibition of FASN in human SK-BR-3 cells assessed as oxidation of NADPH at 78 uM after 24 hrs by Spectrophotometric analysis relative to control,B,BAO_0000219,cell-based format,Homo sapiens,None,None,SK-BR-3,None,CHEMBL4158,Fatty acid synthase,Homo sapiens,SINGLE PROTEIN,CHEMBL2086320,1,Scientific Literature,J. Med. Chem.,2012,CHEMBL3308062
98,Inhibitor,CHEMBL2087118,,0,414.32,1,2.36,10,O=C(Oc1ccc(OC(=O)c2cc(O)c(O)c(O)c2)cc1)c1cc(O)c(O)c(O)c1,Inhibition,,NA,,NA,,Not Active,,NA,,,,FALSE,CHEMBL2091010,Inhibition of FASN in human SK-BR-3 cells assessed as oxidation of NADPH at 25 uM after 24 hrs by Spectrophotometric analysis relative to control,B,BAO_0000219,cell-based format,Homo sapiens,None,None,SK-BR-3,None,CHEMBL4158,Fatty acid synthase,Homo sapiens,SINGLE PROTEIN,CHEMBL2086320,1,Scientific Literature,J. Med. Chem.,2012,CHEMBL3308062
99,Inhibitor,CHEMBL2087122,,0,444.35,2,2.37,14,COc1cc(OC(=O)c2cc(O)c(O)c(O)c2)ccc1OC(=O)c1cc(O)c(O)c(O)c1,Inhibition,,NA,,NA,,Not Active,,NA,,,,FALSE,CHEMBL2091017,Inhibition of FASN in human SK-BR-3 cells assessed as oxidation of NADPH at 8 uM after 24 hrs by Spectrophotometric analysis relative to control,B,BAO_0000219,cell-based format,Homo sapiens,None,None,SK-BR-3,None,CHEMBL4158,Fatty acid synthase,Homo sapiens,SINGLE PROTEIN,CHEMBL2086320,1,Scientific Literature,J. Med. Chem.,2012,CHEMBL3308062
100,Inhibitor,CHEMBL480,LANSOPRAZOLE,4,369.37,0,3.52,lansoprazole,Cc1c(OCC(F)(F)F)ccnc1C[S+]([O-])c1nc2ccccc2[nH]1,Inhibition,,NA,,NA,,Dose-dependent effect,,NA,,,,FALSE,CHEMBL3411205,Inhibition of FASN in human PANC1 cells assessed as inhibition of [14C]acetate incorporation preincubated for 4 hrs before [14C]acetate addition measured after 2 hrs by scintillation counting,B,BAO_0000219,cell-based format,Homo sapiens,None,None,PANC-1,None,CHEMBL4158,Fatty acid synthase,Homo sapiens,SINGLE PROTEIN,CHEMBL3407413,1,Scientific Literature,J. Med. Chem.,2015,CHEMBL3307545
101,Inhibitor,CHEMBL1090448,,0,414.32,1,2.36,8,O=C(Oc1ccccc1OC(=O)c1cc(O)c(O)c(O)c1)c1cc(O)c(O)c(O)c1,Inhibition,,NA,,NA,,Not Determined,,NA,,,,FALSE,CHEMBL2091012,Inhibition of FASN in human SK-BR-3 cells assessed as oxidation of NADPH at 125 uM after 24 hrs by Spectrophotometric analysis relative to control,B,BAO_0000219,cell-based format,Homo sapiens,None,None,SK-BR-3,None,CHEMBL4158,Fatty acid synthase,Homo sapiens,SINGLE PROTEIN,CHEMBL2086320,1,Scientific Literature,J. Med. Chem.,2012,CHEMBL3308062
102,Inhibitor,CHEMBL2087137,,0,464.38,1,3.51,29,O=C(Oc1ccc2ccc(OC(=O)c3cc(O)c(O)c(O)c3)cc2c1)c1cc(O)c(O)c(O)c1,Inhibition,,NA,,NA,,Not Active,,NA,,,,FALSE,CHEMBL2090550,Inhibition of FASN in human SK-BR-3 cells assessed as oxidation of NADPH at 26 uM after 24 hrs by Spectrophotometric analysis relative to control,B,BAO_0000219,cell-based format,Homo sapiens,None,None,SK-BR-3,None,CHEMBL4158,Fatty acid synthase,Homo sapiens,SINGLE PROTEIN,CHEMBL2086320,1,Scientific Literature,J. Med. Chem.,2012,CHEMBL3308062
103,Inhibitor,CHEMBL2087117,,0,414.32,1,2.36,9,O=C(Oc1cccc(OC(=O)c2cc(O)c(O)c(O)c2)c1)c1cc(O)c(O)c(O)c1,Inhibition,,NA,,NA,,Not Active,,NA,,,,FALSE,CHEMBL2091013,Inhibition of FASN in human SK-BR-3 cells assessed as oxidation of NADPH at 42 uM after 24 hrs by Spectrophotometric analysis relative to control,B,BAO_0000219,cell-based format,Homo sapiens,None,None,SK-BR-3,None,CHEMBL4158,Fatty acid synthase,Homo sapiens,SINGLE PROTEIN,CHEMBL2086320,1,Scientific Literature,J. Med. Chem.,2012,CHEMBL3308062
104,Inhibitor,CHEMBL2087130,,0,522.42,3,3.3,22,COC(=O)c1cc(OC(=O)c2cc(O)c(O)c(O)c2)c2ccccc2c1OC(=O)c1cc(O)c(O)c(O)c1,Inhibition,,NA,,NA,,Not Active,,NA,,,,FALSE,CHEMBL2090549,Inhibition of FASN in human SK-BR-3 cells assessed as oxidation of NADPH at 28 uM after 24 hrs by Spectrophotometric analysis relative to control,B,BAO_0000219,cell-based format,Homo sapiens,None,None,SK-BR-3,None,CHEMBL4158,Fatty acid synthase,Homo sapiens,SINGLE PROTEIN,CHEMBL2086320,1,Scientific Literature,J. Med. Chem.,2012,CHEMBL3308062
105,Inhibitor,CHEMBL480,LANSOPRAZOLE,4,369.37,0,3.52,LANSOPRAZOLE,Cc1c(OCC(F)(F)F)ccnc1C[S+]([O-])c1nc2ccccc2[nH]1,Inhibition,,NA,,NA,,Dose-dependent effect,,NA,,,,FALSE,CHEMBL3411206,Inhibition of FASN in human BxPC3 cells assessed as inhibition of [14C]acetate incorporation preincubated for 4 hrs before [14C]acetate addition measured after 2 hrs by scintillation counting,B,BAO_0000219,cell-based format,Homo sapiens,None,None,BXPC-3,None,CHEMBL4158,Fatty acid synthase,Homo sapiens,SINGLE PROTEIN,CHEMBL3407413,1,Scientific Literature,J. Med. Chem.,2015,CHEMBL3307637
